{
  "phases": {
    "package": {
      "context": {
        "resources": {
          "url": "{SHA_ARCHIVE}",
          "path": "/bitnami/clickhouse"
        }
      },
      "actions": [
        {
          "action_id": "helm-package"
        },
        {
          "action_id": "helm-lint"
        }
      ]
    },
    "verify": {
      "context": {
        "resources": {
          "url": "{SHA_ARCHIVE}",
          "path": "/bitnami/clickhouse"
        },
        "target_platform": {
          "target_platform_id": "{VIB_ENV_TARGET_PLATFORM}",
          "size": {
            "name": "S4"
          }
        }
      },
      "actions": [
        {
          "action_id": "goss",
          "params": {
            "resources": {
              "path": "/.vib"
            },
            "tests_file": "clickhouse/goss/goss.yaml",
            "vars_file": "clickhouse/runtime-parameters.yaml",
            "remote": {
              "pod": {
                "workload": "sts-clickhouse-shard0"
              }
            }
          }
        },
        {
          "action_id": "cypress",
          "params": {
            "resources": {
              "path": "/.vib/clickhouse/cypress"
            },
            "endpoint": "lb-clickhouse-http",
            "app_protocol": "HTTP"
          }
        },
        {
          "action_id": "ginkgo",
          "params": {
            "resources": {
              "path": "/.vib/clickhouse/ginkgo"
            },
            "params": {
              "kubeconfig": "{{kubeconfig}}",
              "namespace": "{{namespace}}",
              "name": "clickhouse",
              "shards": "2",
              "username": "test_user",
              "password": "bitnami1234"
            }
          }
        }
      ]
    }
  }
}
