{
  "phases": {
    "package": {
      "context": {
        "resources": {
          "url": "{SHA_ARCHIVE}",
          "path": "/bitnami/cassandra"
        }
      },
      "actions": [
        {
          "action_id": "helm-package"
        },
        {
          "action_id": "helm-lint"
        }
      ]
    },
    "verify": {
      "context": {
        "resources": {
          "url": "{SHA_ARCHIVE}",
          "path": "/bitnami/cassandra"
        },
        "target_platform": {
          "target_platform_id": "{VIB_ENV_TARGET_PLATFORM}",
          "size": {
            "name": "S4"
          }
        }
      },
      "actions": [
        {
          "action_id": "goss",
          "params": {
            "resources": {
              "path": "/.vib"
            },
            "tests_file": "cassandra/goss/goss.yaml",
            "vars_file": "cassandra/runtime-parameters.yaml",
            "remote": {
              "pod": {
                "workload": "sts-cassandra"
              }
            }
          }
        },
        {
          "action_id": "ginkgo",
          "params": {
            "resources": {
              "path": "/.vib/cassandra/ginkgo"
            },
            "params": {
              "kubeconfig": "{{kubeconfig}}",
              "namespace": "{{namespace}}",
              "name": "cassandra",
              "username": "test_cassandra",
              "password": "ComplicatedPassword123!4"
            }
          }
        }
      ]
    }
  }
}
